{
  "page_1": {
    "employee_name_zone": null,
    "hours_table_zone": {
      "x0": 193.6756061218494,
      "top": 26.60889717358009,
      "x1": 829.6151787503823,
      "bottom": 505.18443604959856
    }
  }
}